http://www.rtflash.fr/il-y-cent-ans-radio-faisait-entrer-notre-monde-dans-epoque-nouvelle/article;www.rtflash.fr;1;fr;rifone à Bologne, sur 2,4 km. Mais au-delà de son Prix Nobel de physique qui couronna ses travaux en 1909, Marconi obtint sa plus belle récompense en avril 1912 qua
http://histoire-cnrs.revues.org/2922;histoire-cnrs.revues.org;2;fr; présence à la tête du CNR de personnalités comme Guglielmo Marconi, prix Nobel de physique en 1909. Cet isolement s'est achevé seulement dan
http://histoire-cnrs.revues.org/2922;histoire-cnrs.revues.org;2;fr;à la tête du CNR de personnalités comme Guglielmo Marconi, prix Nobel de physique en 1909. Cet isolement s'est achevé seulement dan
http://leonardodicapriofilms.skyrock.com/2.html;leonardodicapriofilms.skyrock.com;2;fr;i siècle plus tard, en 1901, le physicien italien Guglielmo Marconi (1874-1937), inventeur de la télégraphie sans fil, réalise la 1ère liaison télégraphique transatlantique. En 1909, il obtient le prix Nobel de physique pour l'ensemble de ses travaux. C'est l'avènement
http://leonardodicapriofilms.skyrock.com/2.html;leonardodicapriofilms.skyrock.com;2;fr;lus tard, en 1901, le physicien italien Guglielmo Marconi (1874-1937), inventeur de la télégraphie sans fil, réalise la 1ère liaison télégraphique transatlantique. En 1909, il obtient le prix Nobel de physique pour l'ensemble de ses travaux. C'est l'avènement
http://telesatmedias.com/histoire-de-la-radio-television-en-france/;telesatmedias.com;2;fr; mise à l’honneur en cette année 1909, puisque le prix Nobel de Physique est attribué à Stockholm conjointement à Guglielmo MARCONI pour l’invention de la TSF par ondes hert
http://telesatmedias.com/histoire-de-la-radio-television-en-france/;telesatmedias.com;2;fr; mise à l’honneur en cette année 1909, puisque le prix Nobel de Physique est attribué à Stockholm conjointement à Guglielmo MARCONI pour l’invention de la TSF par ondes hertziennes 
http://www.rtflash.fr/newsletter/175;www.rtflash.fr;1;fr;rifone à Bologne, sur 2,4 km. Mais au-delà de son Prix Nobel de physique qui couronna ses travaux en 1909, Marconi obtint sa plus belle récompense en avril 1912 qua
http://fr.wikipedia.org/wiki/Guglielmo_Marconi;fr.wikipedia.org;6;fr;é le 13 juin 2010 ↑ (en) « Guglielmo Marconi: The Nobel Prize in Physics 1909 » ↑ Robert McHenry, Guglielmo Marconi, in Encyclopaedia Britannica, 1993. ↑ Fre
http://fr.wikipedia.org/wiki/Guglielmo_Marconi;fr.wikipedia.org;6;fr;ess telegraphy » in Personnel de rédaction, « The Nobel Prize in Physics 1909 », Fondation Nobel, 2010. Consulté le 13 juin 2010 ↑ (en) « Guglielmo Marconi: The Nobel Prize in Physics 1909 » ↑ Robe
http://fr.wikipedia.org/wiki/Guglielmo_Marconi;fr.wikipedia.org;6;fr;10 ↑ (en) « Guglielmo Marconi: The Nobel Prize in Physics 1909 » ↑ Robert McHenry, Guglielmo Marconi, in Encyclopaedia Britannica, 1993. ↑ Fre
http://fr.wikipedia.org/wiki/Guglielmo_Marconi;fr.wikipedia.org;6;fr;2010. Consulté le 13 juin 2010 ↑ (en) « Guglielmo Marconi: The Nobel Prize in Physics 1909 » ↑ Robert McHenry, Guglielmo Marconi, in En
http://fr.wikipedia.org/wiki/Guglielmo_Marconi;fr.wikipedia.org;6;fr;icien, inventeur et homme d'affaires Distinctions Prix Nobel de physique 1909 modifier Guglielmo Marconi, né le 25 avril 1874 à Bologne, mort le 2
http://fr.wikipedia.org/wiki/Guglielmo_Marconi;fr.wikipedia.org;6;fr;» in Personnel de rédaction, « The Nobel Prize in Physics 1909 », Fondation Nobel, 2010. Consulté le 13 juin 2010 ↑ (en) « Guglielmo Marconi: The Nobel Prize in Physics 1909 » ↑ Robe
http://encyclo.voila.fr/wiki/Guglielmo_Marconi;encyclo.voila.fr;10;fr;ess telegraphy » in Personnel de rédaction, « The Nobel Prize in Physics 1909 », Fondation Nobel, 2010. Consulté le 13 juin 2010 ↑ (en) « Guglielmo Marconi: The Nobel Prize in Physics 1909 » ↑ Robe
http://encyclo.voila.fr/wiki/Guglielmo_Marconi;encyclo.voila.fr;10;fr; ... 9 Kio (1198 mots) - 10 novembre 2013 à 02:19 Prix Nobel de physique Lauréats : 1909 Guglielmo Marconi 1/2 Italie | 1861 Italie En témoignage de
http://encyclo.voila.fr/wiki/Guglielmo_Marconi;encyclo.voila.fr;10;fr;é le 13 juin 2010 ↑ (en) « Guglielmo Marconi: The Nobel Prize in Physics 1909 » ↑ Robert McHenry, Guglielmo Marconi, in Encyclopaedia Britannica, 1993. ↑ Fre
http://encyclo.voila.fr/wiki/Guglielmo_Marconi;encyclo.voila.fr;10;fr;18 Kio (2244 mots) - 8 novembre 2013 à 02:08 1909 Prix Nobel de physique : Guglielmo Marconi et Carl Ferdinand Braun Prix Nobel de chi
http://encyclo.voila.fr/wiki/Guglielmo_Marconi;encyclo.voila.fr;10;fr;18 Kio (2244 mots) - 8 novembre 2013 à 02:08 1909 Prix Nobel de physique : Guglielmo Marconi et Carl Ferdinand Braun Prix Nobel de chimie : Wi
http://encyclo.voila.fr/wiki/Guglielmo_Marconi;encyclo.voila.fr;10;fr; ... 9 Kio (1198 mots) - 10 novembre 2013 à 02:19 Prix Nobel de physique Lauréats : 1909 Guglielmo Marconi 1/2 Italie | 1861 Italie En témoignage de leurs c
http://encyclo.voila.fr/wiki/Guglielmo_Marconi;encyclo.voila.fr;10;fr;10 ↑ (en) « Guglielmo Marconi: The Nobel Prize in Physics 1909 » ↑ Robert McHenry, Guglielmo Marconi, in Encyclopaedia Britannica, 1993. ↑ Fre
http://encyclo.voila.fr/wiki/Guglielmo_Marconi;encyclo.voila.fr;10;fr;2010. Consulté le 13 juin 2010 ↑ (en) « Guglielmo Marconi: The Nobel Prize in Physics 1909 » ↑ Robert McHenry, Guglielmo Marconi, in En
http://encyclo.voila.fr/wiki/Guglielmo_Marconi;encyclo.voila.fr;10;fr;icien, inventeur et homme d'affaires Distinctions Prix Nobel de physique 1909 Guglielmo Marconi, né le 25 avril 1874 à Bologne, mort le 2
http://encyclo.voila.fr/wiki/Guglielmo_Marconi;encyclo.voila.fr;10;fr;» in Personnel de rédaction, « The Nobel Prize in Physics 1909 », Fondation Nobel, 2010. Consulté le 13 juin 2010 ↑ (en) « Guglielmo Marconi: The Nobel Prize in Physics 1909 » ↑ Robe
http://wikipedia.orange.fr/wiki/Guglielmo_Marconi;wikipedia.orange.fr;6;fr;icien, inventeur et homme d'affaires Distinctions Prix Nobel de physique 1909 Guglielmo Marconi, né le 25 avril 1874 à Bologne, mort le 2
http://wikipedia.orange.fr/wiki/Guglielmo_Marconi;wikipedia.orange.fr;6;fr;2010. Consulté le 13 juin 2010 ↑ (en) « Guglielmo Marconi: The Nobel Prize in Physics 1909 » ↑ Robert McHenry, Guglielmo Marconi, in En
http://wikipedia.orange.fr/wiki/Guglielmo_Marconi;wikipedia.orange.fr;6;fr;10 ↑ (en) « Guglielmo Marconi: The Nobel Prize in Physics 1909 » ↑ Robert McHenry, Guglielmo Marconi, in Encyclopaedia Britannica, 1993. ↑ Fre
http://wikipedia.orange.fr/wiki/Guglielmo_Marconi;wikipedia.orange.fr;6;fr;» in Personnel de rédaction, « The Nobel Prize in Physics 1909 », Fondation Nobel, 2010. Consulté le 13 juin 2010 ↑ (en) « Guglielmo Marconi: The Nobel Prize in Physics 1909 » ↑ Robe
http://wikipedia.orange.fr/wiki/Guglielmo_Marconi;wikipedia.orange.fr;6;fr;é le 13 juin 2010 ↑ (en) « Guglielmo Marconi: The Nobel Prize in Physics 1909 » ↑ Robert McHenry, Guglielmo Marconi, in Encyclopaedia Britannica, 1993. ↑ Fre
http://wikipedia.orange.fr/wiki/Guglielmo_Marconi;wikipedia.orange.fr;6;fr;ess telegraphy » in Personnel de rédaction, « The Nobel Prize in Physics 1909 », Fondation Nobel, 2010. Consulté le 13 juin 2010 ↑ (en) « Guglielmo Marconi: The Nobel Prize in Physics 1909 » ↑ Robe
http://www.channelriviera.com/cr2/Article/1858/Marconi_prix_Nobel_de_Physique_1909_Commemoration_du_Centenaire;www.channelriviera.com;5;fr;premier appareil de transmission sans fil 100 ans Prix Nobel de Physique - Premier radio télégraphe Marconi >  12 novembre 2009 >   Manal   La communauté ita
http://www.channelriviera.com/cr2/Article/1858/Marconi_prix_Nobel_de_Physique_1909_Commemoration_du_Centenaire;www.channelriviera.com;5;fr;Physique - Marina Como et Elettra Marconi 100 ans Prix Nobel de Physique - Radio Marconi Marconi - premier appareil de transmission sans f
http://www.channelriviera.com/cr2/Article/1858/Marconi_prix_Nobel_de_Physique_1909_Commemoration_du_Centenaire;www.channelriviera.com;5;fr;s Prix Nobel de Physique - Marina Como et Elettra Marconi 100 ans Prix Nobel de Physique - Radio Marconi Marconi - premier appareil de tra
http://www.channelriviera.com/cr2/Article/1858/Marconi_prix_Nobel_de_Physique_1909_Commemoration_du_Centenaire;www.channelriviera.com;5;fr;Channel Riviera - Marconi, prix Nobel de Physique 1909 – Commémoration du Centenaire
 CHANNEL RIVIE
http://www.channelriviera.com/cr2/Article/1858/Marconi_prix_Nobel_de_Physique_1909_Commemoration_du_Centenaire;www.channelriviera.com;5;fr;ra Marconi 100 ans Prix Nobel de Physique - Radio Marconi Marconi - premier appareil de transmission sans fil 100 ans Prix Nobel de Physique - Premier radio télégraphe Marconi >  12 novembre
http://www.marconimagicbox.net/magic/fr/1909-2009.html;www.marconimagicbox.net;3;fr;né à l’occasion de l'anniversaire de la remise du Prix Nobel de Physique à Guglielmo Marconi (10 décembre 1909) et a obtenu la reconnaissance 
http://www.marconimagicbox.net/magic/fr/1909-2009.html;www.marconimagicbox.net;3;fr;oni fut le premier italien à remporter en 1909 le Prix Nobel de Physique; même si Marconi était encore jeune (il n’avait que 35 ans lors de
http://www.marconimagicbox.net/magic/fr/1909-2009.html;www.marconimagicbox.net;3;fr;né à l’occasion de l'anniversaire de la remise du Prix Nobel de Physique à Guglielmo Marconi (10 décembre 1909) et a obtenu la reconna
http://nobel-preis.org/DE/Physik/marconi.htm;nobel-preis.org;3;de;Guglielmo Marconi - Nobelpreis für Physik vorige Seite Der Nobelpreis für Physik 1909 nächste Seite Home    Chemie    Frieden   Literatur   Medizin   Physik   Wirtschaft Guglielmo Marconi "Als Anerkennung ihrer Verdienste um die 
http://nobel-preis.org/DE/Physik/marconi.htm;nobel-preis.org;3;de;Guglielmo Marconi - Nobelpreis für Physik vorige Seite Der Nobelpreis für Physik 1909 nächs
http://nobel-preis.org/DE/Physik/marconi.htm;nobel-preis.org;3;de;Guglielmo Marconi - Nobelpreis für Physik vorige Seite Der Nobelpreis für Physik 1909 nächste Seite Home    Chemie    Frieden   Literatur   Medizin   Physik   Wirtschaft Guglielmo Marconi "Als Anerkennung ihrer Verdienste um die Entwickl
http://de.wikipedia.org/wiki/Guglielmo_Marconi;de.wikipedia.org;1;de;en mit dem deutschen Physiker Ferdinand Braun den Nobelpreis für Physik. Gedenken[Bearbeiten] Als Marconi starb, wurde zu seinem Gedenken sämtlicher Funkve
http://www.mein-italien.info/persoenlichkeiten/marconi.htm;www.mein-italien.info;1;de;r Sohn Giulio. Die Ehe wurde 1924 geschieden. Den Nobelpreis für Physik erhielt er zusammen mit dem deutschen Physiker Ferdinand Braun am 10. Dezember 1909. Am 16. Juni 1927 heiratete Marconi in zweiter Ehe Maria Cristina Bezzi Scali, 1930 w
http://www.antikesradio.de/data/marconi.html;www.antikesradio.de;2;de;ogether with Ferdinand Braun - the nobel-price in physics for his outstanding results in researching wireless telegraphy. At 1935, Marconi returned to italy. He died at the age of 63. Toda
http://www.antikesradio.de/data/marconi.html;www.antikesradio.de;2;de;sse auf dem Gebiet der drahtlosen Telegraphie den Nobelpreis für Physik. Im Jahre 1935 kehrte Marconi nach Italien zurück. Er verstarb dort am 20. Juli
http://www.casapellegrino.com/marconi.asp?lingua=tedesco;www.casapellegrino.com;2;de;itet und entwickelt. Im Jahre 1909 erhielt er den nobelpreis für Physik. Guglielmo Marconi wurde 1874 in Bologna geboren. Schon als Knabe ha
http://www.casapellegrino.com/marconi.asp?lingua=tedesco;www.casapellegrino.com;2;de;itet und entwickelt. Im Jahre 1909 erhielt er den nobelpreis für Physik. Guglielmo Marconi wurde 1874 in Bologna geboren. Schon als 
http://www.nobelprize.org/nobel_prizes/physics/laureates/1909/marconi-facts.html;www.nobelprize.org;8;de;her Resources Ferdinand Braun All Nobel Prizes in Physics All Nobel Prizes in 1909 The Nobel Prize in Physics 1909 Guglielmo Marconi, Ferdinand Braun Guglielmo Marconi - Fact
http://www.nobelprize.org/nobel_prizes/physics/laureates/1909/marconi-facts.html;www.nobelprize.org;8;de;el Prizes in Physics All Nobel Prizes in 1909 The Nobel Prize in Physics 1909 Guglielmo Marconi, Ferdinand Braun Guglielmo Marconi - Facts Guglielmo Marconi Born: 25 April 1874, Bo
http://www.nobelprize.org/nobel_prizes/physics/laureates/1909/marconi-facts.html;www.nobelprize.org;8;de;Peace Prizes Prize in Economic Sciences About the Nobel Prize in Physics 1909 Guglielmo Marconi Facts Biographical Nobel Lecture Banquet Speech O
http://www.nobelprize.org/nobel_prizes/physics/laureates/1909/marconi-facts.html;www.nobelprize.org;8;de;Guglielmo Marconi - Facts Educational Video About Us menu Home Nobel Prizes and Laureates Nobel Prizes and Laureates Physics Prize Chemistry Prize Medicine Prize Literature P
http://www.nobelprize.org/nobel_prizes/physics/laureates/1909/marconi-facts.html;www.nobelprize.org;8;de;her Resources Ferdinand Braun All Nobel Prizes in Physics All Nobel Prizes in 1909 The Nobel Prize in Physics 1909 Guglielmo Marconi, Ferdinand Braun Guglielmo Marconi - Facts Guglielmo Marconi Born: 25 April 1874, Bo
http://www.nobelprize.org/nobel_prizes/physics/laureates/1909/marconi-facts.html;www.nobelprize.org;8;de;Peace Prizes Prize in Economic Sciences About the Nobel Prize in Physics 1909 Guglielmo Marconi Facts Biographical Nobel Lecture Banquet 
http://www.nobelprize.org/nobel_prizes/physics/laureates/1909/marconi-facts.html;www.nobelprize.org;8;de;s About the Nobel Prize in Physics 1909 Guglielmo Marconi Facts Biographical Nobel Lecture Banquet Speech Other Resources Ferdinand Braun All Nobel Prizes in Physics All Nobel Prizes in 1909 The Nobel Prize in Physi
http://www.nobelprize.org/nobel_prizes/physics/laureates/1909/marconi-facts.html;www.nobelprize.org;8;de;ic Sciences About the Nobel Prize in Physics 1909 Guglielmo Marconi Facts Biographical Nobel Lecture Banquet Speech Other Resources Ferdinand Braun All Nobel Prizes in Physics All Nobel Prizes in 1909 The Nobel Prize in Physi
http://de.answers.yahoo.com/question/index?qid=20070211020440AAEfqPl;de.answers.yahoo.com;1;de;sse auf dem Gebiet der drahtlosen Telegraphie den Nobelpreis für Physik. Im Jahre 1935 kehrte Marconi nach Italien zurück. Er verstarb dort am 20. Juli
http://www.enerzine.com/1/14863+laeroport-de-bologne-propose-une-station-de-recharge-gratuite+.html;www.enerzine.com;1;fr; hommage à la Princesse Elettra Marconi, fille du Prix Nobel de Physique Guglielmo Marconi, dont l'aéroport tire son nom. [ Illustra
http://www.kronobase.org/chronologie-annee-1909.html;www.kronobase.org;2;fr;mpenses 1909 déc 10 Marconi et Braun reçoivent le prix Nobel de physique.(Suède) Voir aussi : Ferdiand Braun - Guglielmo Marconi - Prix Nobel de physique - Radio - Beatri
http://www.kronobase.org/chronologie-annee-1909.html;www.kronobase.org;2;fr;mpenses 1909 déc 10 Marconi et Braun reçoivent le prix Nobel de physique.(Suède) Voir aussi : Ferdiand Braun - Guglielmo Marconi - Prix Nobel de physique - Radio - Beatrice O'Bri
http://www.nobelprizes.com/nobel/physics/1909a.html;www.nobelprizes.com;8;en;lielmo  Marconi Winner of the 1909 Nobel Prize in Physics GUGLIELMO MARCONI 1909 Nobel Laureate in Physics in recogni
http://www.nobelprizes.com/nobel/physics/1909a.html;www.nobelprizes.com;8;en;Guglielmo  Marconi Winner of the 1909 Nobel Prize in Physics GUGLIELMO MARCONI 1909 Nobel Laureate in Physics 
http://www.nobelprizes.com/nobel/physics/1909a.html;www.nobelprizes.com;8;en;Marconi Winner of the 1909 Nobel Prize in Physics GUGLIELMO MARCONI 1909 Nobel Laureate in Physics in recognition of their contributions to the deve
http://www.nobelprizes.com/nobel/physics/1909a.html;www.nobelprizes.com;8;en;nner of the 1909 Nobel Prize in Physics GUGLIELMO MARCONI 1909 Nobel Laureate in Physics in recognition of their contributions to the deve
http://www.nobelprizes.com/nobel/physics/1909a.html;www.nobelprizes.com;8;en; Physics GUGLIELMO MARCONI 1909 Nobel Laureate in Physics in recognition of their contributions to the development of wireless telegraphy. Background 1874-1937 Residence: Italy Affiliation: Marconi Wireless Telegraph Co. Ltd., London, Great Britai
http://www.nobelprizes.com/nobel/physics/1909a.html;www.nobelprizes.com;8;en;lielmo  Marconi Winner of the 1909 Nobel Prize in Physics GUGLIELMO MARCONI 1909 Nobel Laureate in Physics in recognition of 
http://www.nobelprizes.com/nobel/physics/1909a.html;www.nobelprizes.com;8;en;Guglielmo  Marconi Winner of the 1909 Nobel Prize in Physics GUGLIELMO MARCONI 1909 Nobel Laureate in Physics in recogni
http://www.nobelprizes.com/nobel/physics/1909a.html;www.nobelprizes.com;8;en;Guglielmo  Marconi Winner of the 1909 Nobel Prize in Physics GUGLIELMO MARCONI 1909 Nobel Laureate in Physics in recognition of 
http://www.geni.com/people/Guglielmo-Marconi/6000000013102369178;www.geni.com;10;en;elmo's Top Matches view all Immediate Family Anna Marconi mother Giuseppe Marconi father About Guglielmo Marconi, Nobel Prize in Physics 1909 Guglielmo Marconi (25 April 1874– 20 July 19
http://www.geni.com/people/Guglielmo-Marconi/6000000013102369178;www.geni.com;10;en;Guglielmo Marconi, Nobel Prize in Physics 1909 (1874 - 1937)  - Genealogy Please wait. load
http://www.geni.com/people/Guglielmo-Marconi/6000000013102369178;www.geni.com;10;en;ni father About Guglielmo Marconi, Nobel Prize in Physics 1909 Guglielmo Marconi (25 April 1874– 20 July 1937) was an Italian inve
http://www.geni.com/people/Guglielmo-Marconi/6000000013102369178;www.geni.com;10;en;atent) view all Guglielmo Marconi, Nobel Prize in Physics 1909's Timeline 1874 April 25, 1874 Birth of Guglielmo 1937 July 20, 1937 Age 63 Death of Guglielmo Gene
http://www.geni.com/people/Guglielmo-Marconi/6000000013102369178;www.geni.com;10;en; he failed to patent) view all Guglielmo Marconi, Nobel Prize in Physics 1909's Timeline 1874 April 25, 1874 Birth of Guglielmo 1937 July 20, 1937 Age 63 Death of Guglielmo Gene
http://www.geni.com/people/Guglielmo-Marconi/6000000013102369178;www.geni.com;10;en;ni father About Guglielmo Marconi, Nobel Prize in Physics 1909 Guglielmo Marconi (25 April 1874– 20 July 1937) was an Ital
http://www.geni.com/people/Guglielmo-Marconi/6000000013102369178;www.geni.com;10;en; Prize in Physics 1909 (1874 - 1937) MP ‹ Back to Marconi surname Is your surname Marconi? Research the Marconi family Start your family tree now Guglielmo Marconi, Nobel Prize in Physics 1909's Geni Profile Contact profile manager View 
http://www.geni.com/people/Guglielmo-Marconi/6000000013102369178;www.geni.com;10;en; Giuseppe Marconi father About Guglielmo Marconi, Nobel Prize in Physics 1909 Guglielmo Marconi (25 April 1874– 20 July 1937) was an Italian inve
http://www.geni.com/people/Guglielmo-Marconi/6000000013102369178;www.geni.com;10;en;ast Updated: April 25, 2012 View Complete Profile Guglielmo's Top Matches view all Immediate Family Anna Marconi mother Giuseppe Marconi father About Guglielmo Marconi, Nobel Prize in Physics 1909 Guglielmo Marconi (25 April 1874– 20 July 19
http://www.geni.com/people/Guglielmo-Marconi/6000000013102369178;www.geni.com;10;en; Giuseppe Marconi father About Guglielmo Marconi, Nobel Prize in Physics 1909 Guglielmo Marconi (25 April 1874– 20 July 1937) was an Ital
http://3833.com/wbn_nobel_guglielmo_marconi;3833.com;3;en;t Home » Nobel Laureates Guglielmo Marconi (Nobel Physics 1909) Marchese Guglielmo Marconi (25 April 1874 - 20 July 1937) was an Italian inv
http://3833.com/wbn_nobel_guglielmo_marconi;3833.com;3;en;t Home » Nobel Laureates Guglielmo Marconi (Nobel Physics 1909) Marchese Guglielmo Marconi (25 April 1874 - 20 July 1937) was an Ita
http://3833.com/wbn_nobel_guglielmo_marconi;3833.com;3;en;Guglielmo Marconi (Nobel Physics 1909) | www.3833.com www.3833.com know the world 
http://www.art.com/products/p13348503120-sa-i6453156/prisma-archivo-guglielmo-marconi-1874-1937-italian-physicist-nobel-prize-in-physics-in-1909.htm;www.art.com;1;en;Guglielmo Marconi (1874-1937). Italian Physicist. Nobel Prize in Physics in 1909 Photographic Print by Prisma Archivo at e
http://www.allposters.com/-sp/Guglielmo-Marconi-1874-1937-Italian-Physicist-Nobel-Prize-in-Physics-in-1909-Posters_i8720495_.htm;www.allposters.com;1;en;Guglielmo Marconi (1874-1937). Italian Physicist. Nobel Prize in Physics in 1909 Photographic Print by Prisma Archivo at A
http://www.guglielmomarconi.org/;www.guglielmomarconi.org;2;en;. Marconi was also one of the winners of the 1909 Nobel prize in Physics. Early Years Marconi was was on April 24 1974 in Bologna, Italy.Marcon
http://www.guglielmomarconi.org/;www.guglielmomarconi.org;2;en;lso one of the winners of the 1909 Nobel prize in Physics. Early Years Marconi was was on April 24 1974 in Bologna, Italy.Marcon
https://fr.wikipedia.org/wiki/Guglielmo_Marconi;fr.wikipedia.org;6;fr;» in Personnel de rédaction, « The Nobel Prize in Physics 1909 », Fondation Nobel, 2010. Consulté le 13 juin 2010 ↑ (en) « Guglielmo Marconi: The Nobel Prize in Physics 1909 » ↑ Robe
https://fr.wikipedia.org/wiki/Guglielmo_Marconi;fr.wikipedia.org;6;fr;icien, inventeur et homme d'affaires Distinctions Prix Nobel de physique 1909 modifier Guglielmo Marconi, né le 25 avril 1874 à Bologne, mort le 2
https://fr.wikipedia.org/wiki/Guglielmo_Marconi;fr.wikipedia.org;6;fr;é le 13 juin 2010 ↑ (en) « Guglielmo Marconi: The Nobel Prize in Physics 1909 » ↑ Robert McHenry, Guglielmo Marconi, in Encyclopaedia Britannica, 1993. ↑ (en
https://fr.wikipedia.org/wiki/Guglielmo_Marconi;fr.wikipedia.org;6;fr;10 ↑ (en) « Guglielmo Marconi: The Nobel Prize in Physics 1909 » ↑ Robert McHenry, Guglielmo Marconi, in Encyclopaedia Britannica, 1993. ↑ (en
https://fr.wikipedia.org/wiki/Guglielmo_Marconi;fr.wikipedia.org;6;fr;ess telegraphy » in Personnel de rédaction, « The Nobel Prize in Physics 1909 », Fondation Nobel, 2010. Consulté le 13 juin 2010 ↑ (en) « Guglielmo Marconi: The Nobel Prize in Physics 1909 » ↑ Robe
https://fr.wikipedia.org/wiki/Guglielmo_Marconi;fr.wikipedia.org;6;fr;2010. Consulté le 13 juin 2010 ↑ (en) « Guglielmo Marconi: The Nobel Prize in Physics 1909 » ↑ Robert McHenry, Guglielmo Marconi, in En
http://www.prnewswire.fr/news-releases/laeroport-guglielmo-marconi-presente--elettra--sa-nouvelle-station-de-recharge-de-vehicules-electriques-gratuite-181131341.html;www.prnewswire.fr;1;fr; hommage à la Princesse Elettra Marconi, fille du Prix Nobel de Physique Guglielmo Marconi, dont l'aéroport tire son nom. Pour de pl
http://www.radiohof.org/guglielmo_marconi.htm;www.radiohof.org;2;en;ansmission. In 1909, Marconi won a Nobel Prize in Physics for his achievements. Ten years later, American Marconi and its patents were purchased by a new holding c
http://www.radiohof.org/guglielmo_marconi.htm;www.radiohof.org;2;en;transoceanic transmission. In 1909, Marconi won a Nobel Prize in Physics for his achievements. Ten years later, American Marconi and its patents were purchased by a new holding c
https://fr.wikipedia.org/wiki/Karl_Ferdinand_Braun;fr.wikipedia.org;3;fr;8, New York) est un physicien allemand. Guglielmo Marconi et lui sont colauréats du prix Nobel de physique de 1909 « en reconnaissance de leurs contribution
https://fr.wikipedia.org/wiki/Karl_Ferdinand_Braun;fr.wikipedia.org;3;fr; avril 1918, New York) est un physicien allemand. Guglielmo Marconi et lui sont colauréats du prix Nobel de physique de 1909 « en reconnaissance de leurs contribution
https://fr.wikipedia.org/wiki/Karl_Ferdinand_Braun;fr.wikipedia.org;3;fr;moderne, qui permit l'essor du poste à galène. Le prix Nobel de physique de 1909 lui a été attribué, avec Guglielmo Marconi, pour ses travaux sur la télégraphie sans
http://la-loupe.over-blog.net/article-braun-ferdinand-76458168.html;la-loupe.over-blog.net;3;fr;moderne, qui permit l'essor du poste à galène. Le prix Nobel de physique de 1909 lui a été attribué, avec Guglielmo Marconi, pour ses travaux sur la télégraphie sans
http://la-loupe.over-blog.net/article-braun-ferdinand-76458168.html;la-loupe.over-blog.net;3;fr; avril 1918, New York) est un physicien allemand. Guglielmo Marconi et lui sont colauréats du prix Nobel de physique de 1909 « en reconnaissance de leurs contribution
http://la-loupe.over-blog.net/article-braun-ferdinand-76458168.html;la-loupe.over-blog.net;3;fr;8, New York) est un physicien allemand. Guglielmo Marconi et lui sont colauréats du prix Nobel de physique de 1909 « en reconnaissance de leurs contribution
http://dbpedia.org/resource/Karl_Ferdinand_Braun;dbpedia.org;2;fr; German inventor, physicist and Nobel laureate in physics. Braun contributed significantly to the development of the radio and television technology : he shared with Guglielmo Marconi the 1909 Nobel Prize in Physics. Property Value d
http://dbpedia.org/resource/Karl_Ferdinand_Braun;dbpedia.org;2;fr; German inventor, physicist and Nobel laureate in physics. Braun contributed significantly to the development of the radio and television technology : he shared with Guglielmo Marconi the 1909 Nobel Prize in Physics. Property
http://la-loupe.over-blog.net/tag/scientifiques/18;la-loupe.over-blog.net;2;fr;8, New York) est un physicien allemand. Guglielmo Marconi et lui sont colauréats du prix Nobel de physique de 1909 « en reconnaissance de leurs contribution
http://la-loupe.over-blog.net/tag/scientifiques/18;la-loupe.over-blog.net;2;fr; avril 1918, New York) est un physicien allemand. Guglielmo Marconi et lui sont colauréats du prix Nobel de physique de 1909 « en reconnaissance de leurs contribution
http://www.etudier.com/dissertations/La-Naissance-De-l'Art-Moderne/405368.html;www.etudier.com;2;fr;1905 Orville_Wright. (1871 -1948). 1905 Guglielmo Marconi (1874 – 1937) est un physicien, inventeur et hommed'affaires italien. Marconi et Karl Ferdinand Braun sont colauréats du prix Nobel de physique de 1909 « en reconnaissance de leurs contribution
http://www.etudier.com/dissertations/La-Naissance-De-l'Art-Moderne/405368.html;www.etudier.com;2;fr;8671912). 1905 Orville_Wright. (1871 -1948). 1905 Guglielmo Marconi (1874 – 1937) est un physicien, inventeur et hommed'affaires italien. Marconi et Karl Ferdinand Braun sont colauréats du prix Nobel de physique de 1909 « en reconnaissance de leurs contribution
http://www.schema-electrique.be/personnage.fr;www.schema-electrique.be;4;fr;faires Distinctions : Prix Nobel de physique 1909 Marconi et Karl Ferdinand Braun sont colauréats du prix Nobel de physique de 1909 en reconnaissance de leurs contributions 
http://www.schema-electrique.be/personnage.fr;www.schema-electrique.be;4;fr;ien, inventeur et homme d’affaires Distinctions : Prix Nobel de physique 1909 Marconi et Karl Ferdinand Braun sont colauréats du prix N
http://www.schema-electrique.be/personnage.fr;www.schema-electrique.be;4;fr;moderne, qui permit l’essor du poste à galène. Le prix Nobel de physique de 1909 lui a été attribué, avec Guglielmo Marconi, pour ses travaux sur la télégraphie sans
http://www.schema-electrique.be/personnage.fr;www.schema-electrique.be;4;fr;arconi et Karl Ferdinand Braun sont colauréats du prix Nobel de physique de 1909 en reconnaissance de leurs contributions au développement de la télégraphie sans fil. Biographie Guglielmo Marconi est né près de Bologne dans une famille aisée, se
http://www.nobelprize.org/nobel_prizes/physics/laureates/1909/marconi-bio.html;www.nobelprize.org;8;en;her Resources Ferdinand Braun All Nobel Prizes in Physics All Nobel Prizes in 1909 The Nobel Prize in Physics 1909 Guglielmo Marconi, Ferdinand Braun Share this: Guglielmo Ma
http://www.nobelprize.org/nobel_prizes/physics/laureates/1909/marconi-bio.html;www.nobelprize.org;8;en;Peace Prizes Prize in Economic Sciences About the Nobel Prize in Physics 1909 Guglielmo Marconi Facts Biographical Nobel Lecture Banquet Speech O
http://www.nobelprize.org/nobel_prizes/physics/laureates/1909/marconi-bio.html;www.nobelprize.org;8;en;Guglielmo Marconi - Biographical Video Podcast About Us menu Home Nobel Prizes and Laureates Nobel Prizes and Laureates Physics Prize Chemistry Prize Medicine Prize Literature P
http://www.nobelprize.org/nobel_prizes/physics/laureates/1909/marconi-bio.html;www.nobelprize.org;8;en;el Prizes in Physics All Nobel Prizes in 1909 The Nobel Prize in Physics 1909 Guglielmo Marconi, Ferdinand Braun Share this: Guglielmo Marconi - Biographical Guglielmo Marconi was born at Bolo
http://www.nobelprize.org/nobel_prizes/physics/laureates/1909/marconi-bio.html;www.nobelprize.org;8;en;Peace Prizes Prize in Economic Sciences About the Nobel Prize in Physics 1909 Guglielmo Marconi Facts Biographical Nobel Lecture Banquet 
http://www.nobelprize.org/nobel_prizes/physics/laureates/1909/marconi-bio.html;www.nobelprize.org;8;en;ic Sciences About the Nobel Prize in Physics 1909 Guglielmo Marconi Facts Biographical Nobel Lecture Banquet Speech Other Resources Ferdinand Braun All Nobel Prizes in Physics All Nobel Prizes in 1909 Nobel Prizes and Laureat
http://www.nobelprize.org/nobel_prizes/physics/laureates/1909/marconi-bio.html;www.nobelprize.org;8;en;s About the Nobel Prize in Physics 1909 Guglielmo Marconi Facts Biographical Nobel Lecture Banquet Speech Other Resources Ferdinand Braun All Nobel Prizes in Physics All Nobel Prizes in 1909 Nobel Prizes and Laureat
http://www.nobelprize.org/nobel_prizes/physics/laureates/1909/marconi-bio.html;www.nobelprize.org;8;en;her Resources Ferdinand Braun All Nobel Prizes in Physics All Nobel Prizes in 1909 The Nobel Prize in Physics 1909 Guglielmo Marconi, Ferdinand Braun Share this: Guglielmo Marconi - Biographical Guglielmo Marconi was born at Bolo
https://en.wikipedia.org/wiki/Guglielmo_Marconi;en.wikipedia.org;6;en;ble awards Matteucci Medal (1901) Nobel Prize for Physics (1909) Albert Medal (1914) Franklin Medal (1918) IEEE Medal of Honor (1920) John Fritz Medal (1923) Signature Guglielmo Marconi, 1st Marquis of Marconi (Italian: [ɡuʎˈʎɛ
https://en.wikipedia.org/wiki/Guglielmo_Marconi;en.wikipedia.org;6;en;Nobel Lecture, 11 December 1909." Nobel Lectures. Physics 1901–1921. Amsterdam: Elsevier Publishing Company, 1967: 196–222. p. 198. ^ Guglielmo Marconi, padre della radio. Radiomarconi.com. Ret
https://en.wikipedia.org/wiki/Guglielmo_Marconi;en.wikipedia.org;6;en;Publishing Company, 1967: 196–222. p. 206. ^ "The Nobel Prize in Physics 1909".  ^ Luigi Solari, Guglielmo Marconi e la Marina Militare Italiana, Rivista Marittima,
https://en.wikipedia.org/wiki/Guglielmo_Marconi;en.wikipedia.org;6;en;Publishing Company, 1967: 196–222. p. 206. ^ "The Nobel Prize in Physics 1909".  ^ Luigi Solari, Guglielmo Marconi e la Marina Militare Italiana, Rivista Ma
https://en.wikipedia.org/wiki/Guglielmo_Marconi;en.wikipedia.org;6;en;n for Radio Notable awards Matteucci Medal (1901) Nobel Prize for Physics (1909) Albert Medal (1914) Franklin Medal (1918) IEEE Medal of Honor (1920) John Fritz Medal (1923) Signature Guglielmo Marconi, 1st Marquis of Marconi (Italian: [ɡuʎˈʎɛ
https://en.wikipedia.org/wiki/Guglielmo_Marconi;en.wikipedia.org;6;en;ernica Editions, 2001), p. 232 ISBN 1550711512. ^ Physicsworld.com, "Guglielmo Marconi: radio star", 2001 Archived September 17,
http://ffden-2.phys.uaf.edu/211_fall2004.web.dir/lovro_valcic/l1909.html;ffden-2.phys.uaf.edu;3;en;0 Laureates  ::  The Economist Article   1901 The Nobel Prize in Physics :: 1909 Guglielmo Marconi 1874 - 1937 Italy Marconi Wireless Telegraph Co. Ltd. London, Great Britain "in reco
http://ffden-2.phys.uaf.edu/211_fall2004.web.dir/lovro_valcic/l1909.html;ffden-2.phys.uaf.edu;3;en;0 Laureates  ::  The Economist Article   1901 The Nobel Prize in Physics :: 1909 Guglielmo Marconi 1874 - 1937 Italy Marconi Wireless Telegr
http://ffden-2.phys.uaf.edu/211_fall2004.web.dir/lovro_valcic/l1909.html;ffden-2.phys.uaf.edu;3;en;0 Laureates  ::  The Economist Article   1901 The Nobel Prize in Physics :: 1909 Guglielmo Marconi 1874 - 1937 Italy Marconi Wireless Telegraph Co. 
http://www.nobelprize.org/nobel_prizes/physics/laureates/1909/;www.nobelprize.org;18;en;el Prizes in Physics All Nobel Prizes in 1909 The Nobel Prize in Physics 1909 Guglielmo Marconi, Ferdinand Braun Share this: The Nobel Pr
http://www.nobelprize.org/nobel_prizes/physics/laureates/1909/;www.nobelprize.org;18;en;re: 1/2 Karl Ferdinand Braun Prize share: 1/2 The Nobel Prize in Physics 1909 was awarded jointly to Guglielmo Marconi and Karl Ferdinand Braun "in recognition of their
http://www.nobelprize.org/nobel_prizes/physics/laureates/1909/;www.nobelprize.org;18;en;Peace Prizes Prize in Economic Sciences About the Nobel Prize in Physics 1909 Summary Presentation Speech Guglielmo Marconi Ferdinand Braun All Nobel Prizes in Physi
http://www.nobelprize.org/nobel_prizes/physics/laureates/1909/;www.nobelprize.org;18;en;Peace Prizes Prize in Economic Sciences About the Nobel Prize in Physics 1909 Summary Presentation Speech Guglielmo Marconi Ferdinand Braun All Nobel Prizes in Physics All N
http://www.nobelprize.org/nobel_prizes/physics/laureates/1909/;www.nobelprize.org;18;en;in 1909 The Nobel Prize in Physics 1909 Guglielmo Marconi, Ferdinand Braun Share this: The Nobel Prize in Physics 1909 Guglielmo Marconi Prize share: 1/2 Karl Ferd
http://www.nobelprize.org/nobel_prizes/physics/laureates/1909/;www.nobelprize.org;18;en;Braun Share this: The Nobel Prize in Physics 1909 Guglielmo Marconi Prize share: 1/2 Karl Ferdinand Braun Prize share: 1/2 The Nobel Prize in Physics 1909 was awarded jointly to Guglielmo Marconi and
http://www.nobelprize.org/nobel_prizes/physics/laureates/1909/;www.nobelprize.org;18;en;Prize in Physics 1909 Summary Presentation Speech Guglielmo Marconi Ferdinand Braun All Nobel Prizes in Physics All Nobel Prizes in 1909 Nobel Prizes and Laureat
http://www.nobelprize.org/nobel_prizes/physics/laureates/1909/;www.nobelprize.org;18;en;ysics All Nobel Prizes in 1909 The Nobel Prize in Physics 1909 Guglielmo Marconi, Ferdinand Braun Share this: The Nobel Pr
http://www.nobelprize.org/nobel_prizes/physics/laureates/1909/;www.nobelprize.org;18;en;hysics 1909 Summary Presentation Speech Guglielmo Marconi Ferdinand Braun All Nobel Prizes in Physics All Nobel Prizes in 1909 Nobel Prizes and Laureat
http://www.nobelprize.org/nobel_prizes/physics/laureates/1909/;www.nobelprize.org;18;en;re: 1/2 Karl Ferdinand Braun Prize share: 1/2 The Nobel Prize in Physics 1909 was awarded jointly to Guglielmo Marconi and Karl Ferdinand Braun "in recognition 
http://www.nobelprize.org/nobel_prizes/physics/laureates/1909/;www.nobelprize.org;18;en;hysics 1909 Summary Presentation Speech Guglielmo Marconi Ferdinand Braun All Nobel Prizes in Physics All Nobel Prizes in 1909 The Nobel Prize in Physics 1909 Guglielmo Marconi, Ferdinand Braun Share thi
http://www.nobelprize.org/nobel_prizes/physics/laureates/1909/;www.nobelprize.org;18;en;el Prizes in Physics All Nobel Prizes in 1909 The Nobel Prize in Physics 1909 Guglielmo Marconi, Ferdinand Braun Share this: The Nobel Prize in Physics 1909 Guglielmo Marconi Prize share: 1/2 Karl Ferdinand Braun Prize share
http://www.nobelprize.org/nobel_prizes/physics/laureates/1909/;www.nobelprize.org;18;en;Prize in Physics 1909 Summary Presentation Speech Guglielmo Marconi Ferdinand Braun All Nobel Prizes in Physics All Nobel Prizes in 1909 The Nobel Prize in Physics 1909 Guglielmo Marconi, Ferdinand Braun Share thi
http://www.nobelprize.org/nobel_prizes/physics/laureates/1909/;www.nobelprize.org;18;en;el Prizes in 1909 The Nobel Prize in Physics 1909 Guglielmo Marconi, Ferdinand Braun Share this: The Nobel Prize in Physics 1909 Guglielmo Marconi Prize share: 1/2 Karl Ferd
http://www.nobelprize.org/nobel_prizes/physics/laureates/1909/;www.nobelprize.org;18;en;ielmo Marconi Ferdinand Braun All Nobel Prizes in Physics All Nobel Prizes in 1909 The Nobel Prize in Physics 1909 Guglielmo Marconi, Ferdinand Braun Share this: The Nobel Pr
http://www.nobelprize.org/nobel_prizes/physics/laureates/1909/;www.nobelprize.org;18;en;rdinand Braun Prize share: 1/2 The Nobel Prize in Physics 1909 was awarded jointly to Guglielmo Marconi and Karl Ferdinand Braun "in recognition 
http://www.nobelprize.org/nobel_prizes/physics/laureates/1909/;www.nobelprize.org;18;en;rdinand Braun Prize share: 1/2 The Nobel Prize in Physics 1909 was awarded jointly to Guglielmo Marconi and Karl Ferdinand Braun "in recognition of their
http://www.nobelprize.org/nobel_prizes/physics/laureates/1909/;www.nobelprize.org;18;en;e this: The Nobel Prize in Physics 1909 Guglielmo Marconi Prize share: 1/2 Karl Ferdinand Braun Prize share: 1/2 The Nobel Prize in Physics 1909 was awarded jointly to Guglielmo Marconi and
http://first-thoughts.org/on/Guglielmo+Marconi/Nobel+Prize/;first-thoughts.org;6;en;er in wireless telegraphy & 1909 recipient of the Nobel Prize in Physics. 10 Feb 2013     22:51 Guglielmo Marconi Inventor of the radio-signaling system, I
http://first-thoughts.org/on/Guglielmo+Marconi/Nobel+Prize/;first-thoughts.org;6;en; day's experiment. In 1909, Marconi would win the Nobel Prize in Physics for his contributions to the development of wireless telegraphy. Do you think Marconi could ever have imagined our use of wireless tech
http://first-thoughts.org/on/Guglielmo+Marconi/Nobel+Prize/;first-thoughts.org;6;en;telegraphy & 1909 recipient of the Nobel Prize in Physics. 10 Feb 2013     22:51 Guglielmo Marconi Inventor of the radio-signaling system, I
http://first-thoughts.org/on/Guglielmo+Marconi/Nobel+Prize/;first-thoughts.org;6;en;er in wireless telegraphy & 1909 recipient of the Nobel Prize in Physics. 10 Feb 2013     22:51 Guglielmo Marconi Inventor of the radio-signaling system, Italian e
http://first-thoughts.org/on/Guglielmo+Marconi/Nobel+Prize/;first-thoughts.org;6;en;nt. In 1909, Marconi would win the Nobel Prize in Physics for his contributions to the development of wireless telegraphy. Do you think Marconi could ever have imagined our use of wireless tech
http://first-thoughts.org/on/Guglielmo+Marconi/Nobel+Prize/;first-thoughts.org;6;en;telegraphy & 1909 recipient of the Nobel Prize in Physics. 10 Feb 2013     22:51 Guglielmo Marconi Inventor of the radio-signaling system, Italian e
http://first-thoughts.org/on/Guglielmo+Marconi/;first-thoughts.org;11;en;telegraphy & 1909 recipient of the Nobel Prize in Physics. 01 Aug 2013     02:08 History Today - 1897 Guglielmo Marconi is awarded patent for his Wireless Telegraph (ear
http://first-thoughts.org/on/Guglielmo+Marconi/;first-thoughts.org;11;en;as the transmission medium.[24] In December 1901, Guglielmo Marconi established wireless communication between St. John's, Newfoundland and Poldhu, Cornwall (England), earning him the Nobel Prize in Physics for 1909, one which he shared with Karl Braun.[25
http://first-thoughts.org/on/Guglielmo+Marconi/;first-thoughts.org;11;en;er in wireless telegraphy & 1909 recipient of the Nobel Prize in Physics. 01 Aug 2013     02:08 History Today - 1897 Guglielmo Marconi is awarded patent for his Wireless Telegraph (ear
http://first-thoughts.org/on/Guglielmo+Marconi/;first-thoughts.org;11;en;ctron: Guglielmo Marconi 11 Sep 2013     18:23 Q. Nobel Prize for physics in 1909? A. Guglielmo Marconi Amanda Packham - never heard of him. Me -
http://first-thoughts.org/on/Guglielmo+Marconi/;first-thoughts.org;11;en; Marconi 11 Sep 2013     18:23 Q. Nobel Prize for physics in 1909? A. Guglielmo Marconi Amanda Packham - never heard of him. Me - he pion
http://first-thoughts.org/on/Guglielmo+Marconi/;first-thoughts.org;11;en; day's experiment. In 1909, Marconi would win the Nobel Prize in Physics for his contributions to the development of wireless telegraphy. Do you think Marconi could ever have imagined our use of wireless tech
http://first-thoughts.org/on/Guglielmo+Marconi/;first-thoughts.org;11;en;er in wireless telegraphy & 1909 recipient of the Nobel Prize in Physics. 01 Aug 2013     02:08 History Today - 1897 Guglielmo Marconi is awarded patent for his Wireless Telegr
http://first-thoughts.org/on/Guglielmo+Marconi/;first-thoughts.org;11;en;telegraphy & 1909 recipient of the Nobel Prize in Physics. 01 Aug 2013     02:08 History Today - 1897 Guglielmo Marconi is awarded patent for his Wireless Telegr
http://first-thoughts.org/on/Guglielmo+Marconi/;first-thoughts.org;11;en;nt. In 1909, Marconi would win the Nobel Prize in Physics for his contributions to the development of wireless telegraphy. Do you think Marconi could ever have imagined our use of wireless tech
http://first-thoughts.org/on/Guglielmo+Marconi/;first-thoughts.org;11;en;ctron: Guglielmo Marconi 11 Sep 2013     18:23 Q. Nobel Prize for physics in 1909? A. Guglielmo Marconi Amanda Packham - never heard of him. Me - he pion
http://first-thoughts.org/on/Guglielmo+Marconi/;first-thoughts.org;11;en; Marconi 11 Sep 2013     18:23 Q. Nobel Prize for physics in 1909? A. Guglielmo Marconi Amanda Packham - never heard of him. Me -
http://www.optics4kids.org/home/content/celebs/nobel-laureates/guglilmo-marconi/;www.optics4kids.org;2;en;es Guglielmo Marconi Guglielmo Marconi shared the Nobel Prize in physics in 1909 with Karl Braun "in recognition of their contributions to the development of wireless telegraphy." Marconi successfully sent wireless messages in 1895 by tr
http://www.optics4kids.org/home/content/celebs/nobel-laureates/guglilmo-marconi/;www.optics4kids.org;2;en;rconi Guglielmo Marconi shared the Nobel Prize in physics in 1909 with Karl Braun "in recognition of their contributions to the development of wireless telegraphy." Marconi successfully sent wireless messages in 1895 by tr
http://ffden-2.phys.uaf.edu/211.fall2000.web.projects/Lovro%20Valcic/laur1909.htm;ffden-2.phys.uaf.edu;3;en;908 1909 1910 -----------------               The Nobel Prize in Physics 1909 Guglielmo Marconi 1874 - 1937 Italy Marconi Wireless Telegraph Co. Ltd. London, Great Britain "in reco
http://ffden-2.phys.uaf.edu/211.fall2000.web.projects/Lovro%20Valcic/laur1909.htm;ffden-2.phys.uaf.edu;3;en;908 1909 1910 -----------------               The Nobel Prize in Physics 1909 Guglielmo Marconi 1874 - 1937 Italy Marconi Wireless Telegr
http://ffden-2.phys.uaf.edu/211.fall2000.web.projects/Lovro%20Valcic/laur1909.htm;ffden-2.phys.uaf.edu;3;en;908 1909 1910 -----------------               The Nobel Prize in Physics 1909 Guglielmo Marconi 1874 - 1937 Italy Marconi Wireless Telegraph Co. 
https://de.wikipedia.org/wiki/Guglielmo_Marconi;de.wikipedia.org;1;de;en mit dem deutschen Physiker Ferdinand Braun den Nobelpreis für Physik. Gedenken[Bearbeiten] Als Marconi starb, wurde zu seinem Gedenken sämtlicher Funkve
http://www.heise.de/tr/artikel/Guglielmo-Marconi-Mit-kurzen-Wellen-geht-es-noch-viel-besser-1764060.html;www.heise.de;1;de;insam mit Karl Ferdinand Braun erhält Marconi den Nobelpreis für Physik. 1914 baut Marconi für die italienische Armee ein Funknetz auf. Ein 
http://www.mdr.de/lexi-tv/marconi100.html;www.mdr.de;1;de;. 1909 bekam er gemeinsam mit Ferdinand Braun den Nobelpreis für Physik. Marconi experimentierte weiter - besonders mit der Kommun
http://www.heise.de/tr/artikel/Guglielmo-Marconi-Mit-kurzen-Wellen-geht-es-noch-viel-besser-1764060.html?view=print;www.heise.de;1;de;insam mit Karl Ferdinand Braun erhält Marconi den Nobelpreis für Physik. 1914 baut Marconi für die italienische Armee ein Funknetz auf. Ein 
http://www.katzensolo.de/06/06/2009/geburtstage-vom-6-juni/;www.katzensolo.de;2;de;rotechniker, erhielt 1909 gemeinsam mit Guglielmo Marconi den Nobelpreis für Physik für seinen Beitrag zur drahtlosen Telegrafie, ent
http://www.katzensolo.de/06/06/2009/geburtstage-vom-6-juni/;www.katzensolo.de;2;de; und Elektrotechniker, erhielt 1909 gemeinsam mit Guglielmo Marconi den Nobelpreis für Physik für seinen Beitrag zur drahtlosen Telegrafie, ent
http://almaz.com/nobel/physics/1909a.html;almaz.com;8;en;nner of the 1909 Nobel Prize in Physics GUGLIELMO MARCONI 1909 Nobel Laureate in Physics in recognition of their contributions to the deve
http://almaz.com/nobel/physics/1909a.html;almaz.com;8;en;Marconi Winner of the 1909 Nobel Prize in Physics GUGLIELMO MARCONI 1909 Nobel Laureate in Physics in recognition of their contributions to the deve
http://almaz.com/nobel/physics/1909a.html;almaz.com;8;en;lielmo  Marconi Winner of the 1909 Nobel Prize in Physics GUGLIELMO MARCONI 1909 Nobel Laureate in Physics in recognition of 
http://almaz.com/nobel/physics/1909a.html;almaz.com;8;en; Physics GUGLIELMO MARCONI 1909 Nobel Laureate in Physics in recognition of their contributions to the development of wireless telegraphy. Background 1874-1937 Residence: Italy Affiliation: Marconi Wireless Telegraph Co. Ltd., London, Great Britai
http://almaz.com/nobel/physics/1909a.html;almaz.com;8;en;Guglielmo  Marconi Winner of the 1909 Nobel Prize in Physics GUGLIELMO MARCONI 1909 Nobel Laureate in Physics 
http://almaz.com/nobel/physics/1909a.html;almaz.com;8;en;lielmo  Marconi Winner of the 1909 Nobel Prize in Physics GUGLIELMO MARCONI 1909 Nobel Laureate in Physics in recogni
http://almaz.com/nobel/physics/1909a.html;almaz.com;8;en;Guglielmo  Marconi Winner of the 1909 Nobel Prize in Physics GUGLIELMO MARCONI 1909 Nobel Laureate in Physics in recognition of 
http://almaz.com/nobel/physics/1909a.html;almaz.com;8;en;Guglielmo  Marconi Winner of the 1909 Nobel Prize in Physics GUGLIELMO MARCONI 1909 Nobel Laureate in Physics in recogni
http://www.go4quiz.com/544/guglielmo-marconi-quiz/;www.go4quiz.com;5;en;did Guglielmo Marconi get Nobel Prize in 1909? c) Physics 8. Who made Guglielmo Marconi Commander of the Order of St. Maurice and
http://www.go4quiz.com/544/guglielmo-marconi-quiz/;www.go4quiz.com;5;en;Guglielmo Marconi Quiz - 1909 Nobel Prize in Physics - development of wireless telegraphy Go 4 Quiz Ge
http://www.go4quiz.com/544/guglielmo-marconi-quiz/;www.go4quiz.com;5;en; Nobel Prize in 1909? a) Chemistry b) Medicine c) Physics d) Literature 8. Who made Guglielmo Marconi Commander of the Order of St. Maurice and
http://www.go4quiz.com/544/guglielmo-marconi-quiz/;www.go4quiz.com;5;en;did Guglielmo Marconi get Nobel Prize in 1909? c) Physics 8. Who made Guglielmo Marconi Commander of the Order of St. Maurice and St. Laz
http://www.go4quiz.com/544/guglielmo-marconi-quiz/;www.go4quiz.com;5;en; Nobel Prize in 1909? a) Chemistry b) Medicine c) Physics d) Literature 8. Who made Guglielmo Marconi Commander of the Order of St. Maurice and St. Laz
http://www.weegy.com/?ConversationId=GKNGKKMQ&Link=i;www.weegy.com;4;en;tion did Guglielmo Marconi win the Nobel Prize in Physics? A. steam engine B. radio C. telegraph D. lightbulb Original conversation User: For which invention did Guglielmo Marconi win the Nobel Prize in Physics? A. steam engine B
http://www.weegy.com/?ConversationId=GKNGKKMQ&Link=i;www.weegy.com;4;en;For which invention did Guglielmo Marconi win the Nobel Prize in Physics? A. steam engine B. radio C. telegraph D. lightbulb Original conversation User: For which invention did Guglielmo Marconi win the Nobel Prize in Physics? A. steam engine B
http://www.weegy.com/?ConversationId=GKNGKKMQ&Link=i;www.weegy.com;4;en;tion did Guglielmo Marconi win the Nobel Prize in Physics? A. steam engine B. radio C. telegraph D. lightbulb Original conversation User: For which invention did Guglielmo Marconi win the Nobel Prize in Physics? A. steam 
http://www.weegy.com/?ConversationId=GKNGKKMQ&Link=i;www.weegy.com;4;en;For which invention did Guglielmo Marconi win the Nobel Prize in Physics? A. steam engine B. radio C. telegraph D. lightbulb Original conversation User: For which invention did Guglielmo Marconi win the Nobel Prize in Physics? A. steam 
http://www.weegy.com/?ConversationId=907AAXP2;www.weegy.com;8;en;For which invention did Guglielmo Marconi win the Nobel Prize in Physics? A. phonograph B. radio C. automobile D. telephone New answers Rating 3 Wallet.ro Guglielmo Marconi win the Nobel Prize in Physics for radio technolo
http://www.weegy.com/?ConversationId=907AAXP2;www.weegy.com;8;en;tion did Guglielmo Marconi win the Nobel Prize in Physics? A. phonograph B. radio C. automobile D. telephone Guglielmo Marconi win the Nobel Prize in Physics for radio technolo
http://www.weegy.com/?ConversationId=907AAXP2;www.weegy.com;8;en;tion did Guglielmo Marconi win the Nobel Prize in Physics? A. phonograph B. radio C. automobile D. telephone New answers Rating 3 Wallet.ro Guglielmo Marconi win the Nobel Prize in Physics for radio 
http://www.weegy.com/?ConversationId=907AAXP2;www.weegy.com;8;en;For which invention did Guglielmo Marconi win the Nobel Prize in Physics? A. phonograph B. radio C. automobile D. telephone Guglielmo Marconi win the Nobel Prize in Physics for radio technolo
http://www.weegy.com/?ConversationId=907AAXP2;www.weegy.com;8;en;tion did Guglielmo Marconi win the Nobel Prize in Physics? A. phonograph B. radio C. automobile D. telephone Guglielmo Marconi win the Nobel Prize in Physics for radio 
http://www.weegy.com/?ConversationId=907AAXP2;www.weegy.com;8;en;For which invention did Guglielmo Marconi win the Nobel Prize in Physics? A. phonograph B. radio C. automobile D. telephone Guglielmo Marconi win the Nobel Prize in Physics for radio 
http://www.weegy.com/?ConversationId=907AAXP2;www.weegy.com;8;en;tion did Guglielmo Marconi win the Nobel Prize in Physics? A. phonograph B. radio C. automobile D. telephone New answers Rating 3 Wallet.ro Guglielmo Marconi win the Nobel Prize in Physics for radio technolo
http://www.weegy.com/?ConversationId=907AAXP2;www.weegy.com;8;en;For which invention did Guglielmo Marconi win the Nobel Prize in Physics? A. phonograph B. radio C. automobile D. telephone New answers Rating 3 Wallet.ro Guglielmo Marconi win the Nobel Prize in Physics for radio 
http://www.when.net/Deaths/July-20/page-3.aspx;www.when.net;2;en;lds, American vaudeville performer (b. 1867) 1937 Guglielmo Marconi, Italian inventor, recipient of the Nobel Prize in Physics (b. 1874) 1932 René Bazin, French novelist (b. 18
http://www.when.net/Deaths/July-20/page-3.aspx;www.when.net;2;en;can vaudeville performer (b. 1867) 1937 Guglielmo Marconi, Italian inventor, recipient of the Nobel Prize in Physics (b. 1874) 1932 René Bazin, French novelist (b. 18
http://www.answers.com/Q/Why_did_Guglielmo_Marconi_win_The_Nobel_Prize_in_Physics_in_1909;www.answers.com;11;en;er by Answers Publisher Confidence votes 264K The Nobel Prize in Physics 1909 was awarded jointly to Guglielmo Marconi and Karl Ferdinand Braun in recognition of their 
http://www.answers.com/Q/Why_did_Guglielmo_Marconi_win_The_Nobel_Prize_in_Physics_in_1909;www.answers.com;11;en;ublisher Confidence votes 264K The Nobel Prize in Physics 1909 was awarded jointly to Guglielmo Marconi and Karl Ferdinand Braun in recognition o
http://www.answers.com/Q/Why_did_Guglielmo_Marconi_win_The_Nobel_Prize_in_Physics_in_1909;www.answers.com;11;en;obel Prize in Physics 1909 was awarded jointly to Guglielmo Marconi and Karl Ferdinand Braun in recognition of their contributions to the development of wireless telegraphy The Nobel Prize in Physics 1909 was awarded jointly to Guglielmo Marconi and
http://www.answers.com/Q/Why_did_Guglielmo_Marconi_win_The_Nobel_Prize_in_Physics_in_1909;www.answers.com;11;en; Why did Guglielmo Marconi win The Nobel Prize in Physics in 1909? Why did Guglielmo Marconi win The Nobel Prize in Physics in 1909? SAVE CANC
http://www.answers.com/Q/Why_did_Guglielmo_Marconi_win_The_Nobel_Prize_in_Physics_in_1909;www.answers.com;11;en;er by Answers Publisher Confidence votes 264K The Nobel Prize in Physics 1909 was awarded jointly to Guglielmo Marconi and Karl Ferdinand Braun in recognition o
http://www.answers.com/Q/Why_did_Guglielmo_Marconi_win_The_Nobel_Prize_in_Physics_in_1909;www.answers.com;11;en;l Prize Winners Why did Guglielmo Marconi win The Nobel Prize in Physics in 1909? Why did Guglielmo Marconi win The Nobel Prize in Physics in 1909? SAVE CANC
http://www.answers.com/Q/Why_did_Guglielmo_Marconi_win_The_Nobel_Prize_in_Physics_in_1909;www.answers.com;11;en;l Prize Winners Why did Guglielmo Marconi win The Nobel Prize in Physics in 1909? Why did Guglielmo Marconi win The Nobel Prize in Physics in 1909? S
http://www.answers.com/Q/Why_did_Guglielmo_Marconi_win_The_Nobel_Prize_in_Physics_in_1909;www.answers.com;11;en;Why did Guglielmo Marconi win The Nobel Prize in Physics in 1909 Go Log In Sign Up entertainment tech life
http://www.answers.com/Q/Why_did_Guglielmo_Marconi_win_The_Nobel_Prize_in_Physics_in_1909;www.answers.com;11;en; Why did Guglielmo Marconi win The Nobel Prize in Physics in 1909? Why did Guglielmo Marconi win The Nobel Prize in Physics in 1909? S
http://www.answers.com/Q/Why_did_Guglielmo_Marconi_win_The_Nobel_Prize_in_Physics_in_1909;www.answers.com;11;en;ublisher Confidence votes 264K The Nobel Prize in Physics 1909 was awarded jointly to Guglielmo Marconi and Karl Ferdinand Braun in recognition of their 
http://www.answers.com/Q/Why_did_Guglielmo_Marconi_win_The_Nobel_Prize_in_Physics_in_1909;www.answers.com;11;en; in Physics 1909 was awarded jointly to Guglielmo Marconi and Karl Ferdinand Braun in recognition of their contributions to the development of wireless telegraphy The Nobel Prize in Physics 1909 was awarded jointly to Guglielmo Marconi and
http://marconi.nobmer.com/1.htm;marconi.nobmer.com;10;en;The Nobel Prize in Physics
 Guglielmo Marconi The Nobel Prize in Physics 1908 biography When Guglielmo Marconi was born in his father's large house in Bologna, 
http://marconi.nobmer.com/1.htm;marconi.nobmer.com;10;en; in Physics
 Guglielmo Marconi The Nobel Prize in Physics 1908 biography When Guglielmo Marconi was born in his father's large house in Bologna, 
http://marconi.nobmer.com/1.htm;marconi.nobmer.com;10;en;biography  Guglielmo Marconi. The Nobel Prize in Physics
 Guglielmo Marconi The Nobel Prize in Physics 1908 biography
http://marconi.nobmer.com/1.htm;marconi.nobmer.com;10;en; in Physics
 Guglielmo Marconi The Nobel Prize in Physics 1908 biography When Guglielmo Marconi was born in his father's large house in B
http://marconi.nobmer.com/1.htm;marconi.nobmer.com;10;en;biography  Guglielmo Marconi. The Nobel Prize in Physics
 Guglielmo Marconi The Nobel Prize in Physics 1908 biography When Gu
http://marconi.nobmer.com/1.htm;marconi.nobmer.com;10;en;biography  Guglielmo Marconi. The Nobel Prize in Physics
 Guglielmo Marconi The Nobel Prize in Physics 1908 biography When Gu
http://marconi.nobmer.com/1.htm;marconi.nobmer.com;10;en;biography  Guglielmo Marconi. The Nobel Prize in Physics
 Guglielmo Marconi The Nobel Prize in Physics 1908 biography
http://marconi.nobmer.com/1.htm;marconi.nobmer.com;10;en;biography  Guglielmo Marconi. The Nobel Prize in Physics
 Guglielmo Marconi The Nobel Prize in Physics 1908 biography When Guglielmo Marconi was born in
http://marconi.nobmer.com/1.htm;marconi.nobmer.com;10;en;The Nobel Prize in Physics
 Guglielmo Marconi The Nobel Prize in Physics 1908 biography When Guglielmo Marconi was born in his father's large house in B
http://marconi.nobmer.com/1.htm;marconi.nobmer.com;10;en;, for the first time, he heard formal lectures on physics and chemistry. Soon, Guglielmo was spending most of his spare time studying and 
http://www.divainternational.ch/spip.php?article493;www.divainternational.ch;4;en;1 December 1909. In his acceptance speech for the Nobel Prize in Physics, Marconi stated … In sketching the history of my associati
http://www.divainternational.ch/spip.php?article493;www.divainternational.ch;4;en;. In his acceptance speech for the Nobel Prize in Physics, Marconi stated … In sketching the history of my associati
http://www.divainternational.ch/spip.php?article493;www.divainternational.ch;4;en;hysicist Karl Ferdinand Braun, the Nobel Prize in Physics for important radio communications. Before a distinguished audience, including the King of Sweden, Marconi delivered his Nobel Lecture at the Royal Academy 
http://www.divainternational.ch/spip.php?article493;www.divainternational.ch;4;en;th the German physicist Karl Ferdinand Braun, the Nobel Prize in Physics for important radio communications. Before a distinguished audience, including the King of Sweden, Marconi delivered his Nobel Lecture at the Royal Academy 
http://www.nobelprize.org/nobel_prizes/physics/laureates/;www.nobelprize.org;2;en;ases and liquids" The Nobel Prize in Physics 1909 Guglielmo Marconi and Karl Ferdinand Braun "in recognition of their contributions to the development of wireless telegraphy" The Nobel Prize in Physics 1908 Gabriel Lippmann "for his method of reproduc
http://www.nobelprize.org/nobel_prizes/physics/laureates/;www.nobelprize.org;2;en;iquids" The Nobel Prize in Physics 1909 Guglielmo Marconi and Karl Ferdinand Braun "in recognition of their contributions to the development of wireless telegraphy" The Nobel Prize in Physics 1908 Gabriel Lippmann "for his method of reproduc
http://moneyweek.com/on-this-day-in-1897-marconi-is-awarded-a-patent-for-radio/;moneyweek.com;2;en;. In 1909, Marconi was awarded the Nobel Prize in physics for his achievements and the king of Italy made him a marquis in 1924. As for the Marconi Company, that survived in various forms right up 
http://moneyweek.com/on-this-day-in-1897-marconi-is-awarded-a-patent-for-radio/;moneyweek.com;2;en;pread attention. In 1909, Marconi was awarded the Nobel Prize in physics for his achievements and the king of Italy made him a marquis in 1924. As for the Marconi Company, that survived in various forms right up 
http://www.lejdd.fr/Culture/Livres/Erik-Larson-le-criminel-et-le-scientifique-652581;www.lejdd.fr;2;fr;et sera lauréat en 1909, avec Ferdinand Braun, du prix Nobel de physique. Il a su mettre à profit de nombreuses découvertes antérieures. Guglielmo Marconi dépose en 1896 le premier brevet au monde
http://www.lejdd.fr/Culture/Livres/Erik-Larson-le-criminel-et-le-scientifique-652581;www.lejdd.fr;2;fr;et sera lauréat en 1909, avec Ferdinand Braun, du prix Nobel de physique. Il a su mettre à profit de nombreuses découvertes antérieures. Guglielmo Marconi dépose en 1896 le premier brevet au monde pour un
http://titanic.pagesperso-orange.fr/page40.htm;titanic.pagesperso-orange.fr;2;fr;i siècle plus tard, en 1901, le physicien italien Guglielmo Marconi (1874-1937), inventeur de la télégraphie sans fil, réalise la 1ère liaison télégraphique transatlantique. En 1909, il obtient le prix Nobel de physique pour l'ensemble de ses travaux. C'est l'avènement
http://titanic.pagesperso-orange.fr/page40.htm;titanic.pagesperso-orange.fr;2;fr;lus tard, en 1901, le physicien italien Guglielmo Marconi (1874-1937), inventeur de la télégraphie sans fil, réalise la 1ère liaison télégraphique transatlantique. En 1909, il obtient le prix Nobel de physique pour l'ensemble de ses travaux. C'est l'avènement
http://www.fpjq.org/esprit-critique-es-tu-la/;www.fpjq.org;2;fr;, il fit appel à l’inventeur de la TSF, l’Italien Guglielmo Marconi, prix Nobel de physique (1909). Et où le retrouva-t-il, s’il vous plaît? 
http://www.fpjq.org/esprit-critique-es-tu-la/;www.fpjq.org;2;fr;ppel à l’inventeur de la TSF, l’Italien Guglielmo Marconi, prix Nobel de physique (1909). Et où le retrouva-t-il, s’il vous plaît? 
http://100ansderadio.free.fr/HistoiredelaRadio/1909.html;100ansderadio.free.fr;2;fr; mise à l'honneur en cette année 1909, puisque le prix Nobel de Physique est attribué à Stockholm conjointement à Guglielmo MARCONI pour l'invention de la TSF par ondes hertziennes 
http://100ansderadio.free.fr/HistoiredelaRadio/1909.html;100ansderadio.free.fr;2;fr; mise à l'honneur en cette année 1909, puisque le prix Nobel de Physique est attribué à Stockholm conjointement à Guglielmo MARCONI pour l'invention de la TSF par ondes hert
http://www.cathodique.net/intro.html;www.cathodique.net;1;fr;r des amateurs de radio de ce début de siècle. Le prix Nobel de physique lui a été attribué en 1909 - conjointement à Marconi - pour ses travaux sur la télégraphie sans fil. M
https://fr.wikipedia.org/wiki/Universit%C3%A9_de_Strasbourg;fr.wikipedia.org;2;fr;iorant la portée des dispositifs radio conçus par Guglielmo Marconi. Pour ces travaux sur la télégraphie sans fil, il fut colauréat avec ce dernier du prix Nobel de physique en 1909[3]. La période allemande fut donc faste p
https://fr.wikipedia.org/wiki/Universit%C3%A9_de_Strasbourg;fr.wikipedia.org;2;fr;portée des dispositifs radio conçus par Guglielmo Marconi. Pour ces travaux sur la télégraphie sans fil, il fut colauréat avec ce dernier du prix Nobel de physique en 1909[3]. La période allemande fut donc faste p
http://tpe-television-propagande.e-monsite.com/pages/la-television/la-television.html;tpe-television-propagande.e-monsite.com;2;fr; mise à l'honneur en cette année 1909, puisque le prix Nobel de physique est attribué à Stockholm conjointement à Guglielmo MARCONI pour l'invention de la TSF par ondes hertziennes 
http://tpe-television-propagande.e-monsite.com/pages/la-television/la-television.html;tpe-television-propagande.e-monsite.com;2;fr; mise à l'honneur en cette année 1909, puisque le prix Nobel de physique est attribué à Stockholm conjointement à Guglielmo MARCONI pour l'invention de la TSF par ondes hert
http://cabasse.vraiforum.com/t503-Histoire-du-tube.htm;cabasse.vraiforum.com;1;fr;r des amateurs de radio de ce début de siècle. Le prix Nobel de physique lui a été attribué en 1909 - conjointement à Marconi - pour ses travaux sur la télégraphie sans filbli
http://www.kronobase.org/chronologie-pays-Su%C3%A8de-169.html;www.kronobase.org;3;fr;de physique.(Suède) Voir aussi : Ferdiand Braun - Guglielmo Marconi - Prix Nobel de physique - Radio - Beatrice O'Brien 1910 Lagerlöf fait l'a
http://www.kronobase.org/chronologie-pays-Su%C3%A8de-169.html;www.kronobase.org;3;fr;obel - Prix littéraires - Récompenses 1909 déc 10 Marconi et Braun reçoivent le prix Nobel de physique.(Suède) Voir aussi : Ferdiand Braun - Guglielmo Marconi - Prix Nobel de physique - Radio - Beatrice O'Brien 1910 Lagerlöf fait l'a
http://www.kronobase.org/chronologie-pays-Su%C3%A8de-169.html;www.kronobase.org;3;fr;mpenses 1909 déc 10 Marconi et Braun reçoivent le prix Nobel de physique.(Suède) Voir aussi : Ferdiand Braun - Guglielmo Marconi - Prix Nobel de physique - Radio - Beatrice O'Bri
http://www.heroes-memorabilia.com/guglielmo-marconi-signed-1909-nobel-prize-in-physics-winner-photo-display-framed-1570-p.asp;www.heroes-memorabilia.com;3;en;Back Guglielmo Marconi Signed 1909 Nobel Prize in Physics Winner Photo Display Framed Our Price: £699.95 Earn 699 Points with this purchase Description HM2296 - Guglielmo Marconi Signed Photo Display Framed Signed by: Gu
http://www.heroes-memorabilia.com/guglielmo-marconi-signed-1909-nobel-prize-in-physics-winner-photo-display-framed-1570-p.asp;www.heroes-memorabilia.com;3;en;> Historical « Back Guglielmo Marconi Signed 1909 Nobel Prize in Physics Winner Photo Display Framed Our Price: £699.95 Earn 699 Points with this purchase Description HM2296 - Guglielmo Marconi Signed Photo Display Framed Signed by: Gu
http://www.heroes-memorabilia.com/guglielmo-marconi-signed-1909-nobel-prize-in-physics-winner-photo-display-framed-1570-p.asp;www.heroes-memorabilia.com;3;en;Guglielmo Marconi Signed 1909 Nobel Prize in Physics Winner Photo Display Framed   items: 0 total: £0.
http://hearnames.com/component/mtree/italian-names/notable-italians/guglielmo-marconi?Itemid=4;hearnames.com;2;en;glielmo Marconi Home Pronunciations FAQ's Contact Guglielmo Marconi Engineer, invented wireless telegraphs (radio telegraphs) and won the 1909 Nobel Prize in Physics along with Karl Ferdinand Braun. Listing Details 
http://hearnames.com/component/mtree/italian-names/notable-italians/guglielmo-marconi?Itemid=4;hearnames.com;2;en;Guglielmo Marconi Home Pronunciations FAQ's Contact Guglielmo Marconi Engineer, invented wireless telegraphs (radio telegraphs) and won the 1909 Nobel Prize in Physics along with Karl Ferdinand Braun. Listing Details 
http://www.ask.com/science/marconi-guglielmo-famous-4b4ee0f012c685e4;www.ask.com;3;en;le Technology Vehicles World View Ask.com Science Physics Motion & Mechanics Credit:CliffCC-BY-2.0Q: What was Marconi Guglielmo famous for? A: Quick Answer Italian born Guglielmo Marconi was most famous for inventing and transmitting th
http://www.ask.com/science/marconi-guglielmo-famous-4b4ee0f012c685e4;www.ask.com;3;en;le Technology Vehicles World View Ask.com Science Physics Motion & Mechanics Credit:CliffCC-BY-2.0Q: What was Marconi Guglielmo famous for? A: Quick Answer Italian born Guglielm
http://www.ask.com/science/marconi-guglielmo-famous-4b4ee0f012c685e4;www.ask.com;3;en;le Technology Vehicles World View Ask.com Science Physics Motion & Mechanics Credit:CliffCC-BY-2.0Q: What was Marconi Guglielmo famous for? A: Quick Answer Italian bor
http://www.titanic-nautical.com/Marine-Wireless-G-Marconi.html;www.titanic-nautical.com;2;en;ffiliated companies worldwide. He shared the 1909 Nobel Prize in Physics with Karl Ferdinand Braun, "in recognition of their contributions to the development of wireless telegraphy".[1][2][3] Later in life, Marconi was an active Italian Fascist[4] and an apologist
http://www.titanic-nautical.com/Marine-Wireless-G-Marconi.html;www.titanic-nautical.com;2;en;nies worldwide. He shared the 1909 Nobel Prize in Physics with Karl Ferdinand Braun, "in recognition of their contributions to the development of wireless telegraphy".[1][2][3] Later in life, Marconi was an active Italian Fascist[4] and an apologist
https://en.wikiquote.org/wiki/Guglielmo_Marconi;en.wikiquote.org;10;en;on. p. 361 About Marconi[edit] The Nobel Prize in Physics 1909 was awarded jointly to Guglielmo Marconi and Karl Ferdinand Braun "in recognition of their
https://en.wikiquote.org/wiki/Guglielmo_Marconi;en.wikiquote.org;10;en;ess Communication. p. 361 About Marconi[edit] The Nobel Prize in Physics 1909 was awarded jointly to Guglielmo Marconi and Karl Ferdinand Braun "in recognition of their
https://en.wikiquote.org/wiki/Guglielmo_Marconi;en.wikiquote.org;10;en;obel Prize in Physics 1909 was awarded jointly to Guglielmo Marconi and Karl Ferdinand Braun "in recognition of their contributions to the development of wireless telegraphy" "The Nobel Prize in Physics 1909" at nobelprize.org Nobel Media AB 2013. Exte
https://en.wikiquote.org/wiki/Guglielmo_Marconi;en.wikiquote.org;10;en;on. p. 361 About Marconi[edit] The Nobel Prize in Physics 1909 was awarded jointly to Guglielmo Marconi and Karl Ferdinand Braun "in recognition 
https://en.wikiquote.org/wiki/Guglielmo_Marconi;en.wikiquote.org;10;en;s to the development of wireless telegraphy" "The Nobel Prize in Physics 1909" at nobelprize.org Nobel Media AB 2013. External links[edit] Wikipedia has an article about: Guglielmo Marconi Wikimedia Commons has media related to: Guglielmo
https://en.wikiquote.org/wiki/Guglielmo_Marconi;en.wikiquote.org;10;en; in Physics 1909 was awarded jointly to Guglielmo Marconi and Karl Ferdinand Braun "in recognition of their contributions to the development of wireless telegraphy" "The Nobel Prize in Physics 1909" at nobelprize.org Nobel Media AB 2013. Exte
https://en.wikiquote.org/wiki/Guglielmo_Marconi;en.wikiquote.org;10;en;s to the development of wireless telegraphy" "The Nobel Prize in Physics 1909" at nobelprize.org Nobel Media AB 2013. External links[edit] Wikipedia has an article about: Guglielmo Marconi Wikimedia Commons has media related to: G
https://en.wikiquote.org/wiki/Guglielmo_Marconi;en.wikiquote.org;10;en;ess Communication. p. 361 About Marconi[edit] The Nobel Prize in Physics 1909 was awarded jointly to Guglielmo Marconi and Karl Ferdinand Braun "in recognition 
https://en.wikiquote.org/wiki/Guglielmo_Marconi;en.wikiquote.org;10;en;pment of wireless telegraphy" "The Nobel Prize in Physics 1909" at nobelprize.org Nobel Media AB 2013. External links[edit] Wikipedia has an article about: Guglielmo Marconi Wikimedia Commons has media related to: Guglielmo
https://en.wikiquote.org/wiki/Guglielmo_Marconi;en.wikiquote.org;10;en;pment of wireless telegraphy" "The Nobel Prize in Physics 1909" at nobelprize.org Nobel Media AB 2013. External links[edit] Wikipedia has an article about: Guglielmo Marconi Wikimedia Commons has media related to: G
http://www.expertsmind.com/questions/who-shared-the-nobel-prize-in-1909-with-guglielmo-marconi-30168576.aspx;www.expertsmind.com;5;en;erdinand) Braun shared the Nobel Prize in 1909 in Physics with Guglielmo Marconi for his contribution to the progress and developm
http://www.expertsmind.com/questions/who-shared-the-nobel-prize-in-1909-with-guglielmo-marconi-30168576.aspx;www.expertsmind.com;5;en;09 with guglielmo marconi, Physics Who shared the Nobel Prize in Physics in 1909 with Guglielmo Marconi for his contribution to the development o
http://www.expertsmind.com/questions/who-shared-the-nobel-prize-in-1909-with-guglielmo-marconi-30168576.aspx;www.expertsmind.com;5;en;09 with guglielmo marconi, Physics Who shared the Nobel Prize in Physics in 1909 with Guglielmo Marconi for his contribution to the development of wirele
http://www.expertsmind.com/questions/who-shared-the-nobel-prize-in-1909-with-guglielmo-marconi-30168576.aspx;www.expertsmind.com;5;en;erdinand) Braun shared the Nobel Prize in 1909 in Physics with Guglielmo Marconi for his contribution to the progress and 
http://www.expertsmind.com/questions/who-shared-the-nobel-prize-in-1909-with-guglielmo-marconi-30168576.aspx;www.expertsmind.com;5;en;d the nobel prize in 1909 with guglielmo marconi, Physics Who shared the Nobel Prize in Physics in 1909 with Guglielmo Marconi for his contribution to the development o
http://www.answers.com/Q/What_year_did_guglielmo_Marconi_win_the_nobel_prize;www.answers.com;6;en; a time. Guglielmo Marconi won the nobel prize in Physics in 1909!!!! Guglielmo Marconi won the nobel prize in Physics in 1909!!!! Minor 
http://www.answers.com/Q/What_year_did_guglielmo_Marconi_win_the_nobel_prize;www.answers.com;6;en; a time. Guglielmo Marconi won the nobel prize in Physics in 1909!!!! Guglielmo Marconi won the nobel prize in Physics in 1909!!!
http://www.answers.com/Q/What_year_did_guglielmo_Marconi_win_the_nobel_prize;www.answers.com;6;en;the world better, one answer at a time. Guglielmo Marconi won the nobel prize in Physics in 1909!!!! Guglielmo Marconi won the nobel prize
http://www.answers.com/Q/What_year_did_guglielmo_Marconi_win_the_nobel_prize;www.answers.com;6;en;, one answer at a time. Guglielmo Marconi won the nobel prize in Physics in 1909!!!! Guglielmo Marconi won the nobel prize in Physics in 1909!!!
http://www.answers.com/Q/What_year_did_guglielmo_Marconi_win_the_nobel_prize;www.answers.com;6;en;, one answer at a time. Guglielmo Marconi won the nobel prize in Physics in 1909!!!! Guglielmo Marconi won the nobel prize in Physics in 1909!!!! Minor 
http://www.answers.com/Q/What_year_did_guglielmo_Marconi_win_the_nobel_prize;www.answers.com;6;en;ty Making the world better, one answer at a time. Guglielmo Marconi won the nobel prize in Physics in 1909!!!! Guglielmo Marconi won the nobel prize
https://simple.wikipedia.org/wiki/Guglielmo_Marconi;simple.wikipedia.org;4;en;na Known for Radio Notable awards Nobel Prize for Physics (1909) Signature Guglielmo Marconi 25 April 1874-20 July 1937) was an Italia
https://simple.wikipedia.org/wiki/Guglielmo_Marconi;simple.wikipedia.org;4;en;na Known for Radio Notable awards Nobel Prize for Physics (1909) Signature Guglielmo Marconi 25 April 1874-20 July 1937) was an Italian invent
https://simple.wikipedia.org/wiki/Guglielmo_Marconi;simple.wikipedia.org;4;en;versity of Bologna Known for Radio Notable awards Nobel Prize for Physics (1909) Signature Guglielmo Marconi 25 April 1874-20 July 1937) was an Italia
https://simple.wikipedia.org/wiki/Guglielmo_Marconi;simple.wikipedia.org;4;en;versity of Bologna Known for Radio Notable awards Nobel Prize for Physics (1909) Signature Guglielmo Marconi 25 April 1874-20 July 1937) was an Italian invent
http://kids.britannica.com/comptons/article-9275687/Guglielmo-Marconi;kids.britannica.com;6;en;ted in science. He was particularly fascinated by physics, chemistry, and electricity.  Marconi, Guglielmo... (75 of 592 words) Page 1 of 1 Guglielmo Marconi To cite this page:  MLA    APA    Harvard    Chic
http://kids.britannica.com/comptons/article-9275687/Guglielmo-Marconi;kids.britannica.com;6;en;ted in science. He was particularly fascinated by physics, chemistry, and electricity.  Marconi, Guglielmo... (75 of 592 words) Page 1 of 1 Guglielmo Marconi To cite this page:  MLA    APA    Harvard
http://kids.britannica.com/comptons/article-9275687/Guglielmo-Marconi;kids.britannica.com;6;en;lielmo Marconi. He shared the 1909 Nobel prize in physics for the development of wireless telegraphy. Guglielmo Marconi was born on April 25, 1874, near Bologna, Italy. 
http://kids.britannica.com/comptons/article-9275687/Guglielmo-Marconi;kids.britannica.com;6;en;f radio was Guglielmo Marconi. He shared the 1909 Nobel prize in physics for the development of wireless telegraphy. Guglielmo Marconi was born on April 25, 1874, near Bologna,
http://kids.britannica.com/comptons/article-9275687/Guglielmo-Marconi;kids.britannica.com;6;en;lielmo Marconi. He shared the 1909 Nobel prize in physics for the development of wireless telegraphy. Guglielmo Marconi was born on April 25, 1874, near Bologna,
http://kids.britannica.com/comptons/article-9275687/Guglielmo-Marconi;kids.britannica.com;6;en;f radio was Guglielmo Marconi. He shared the 1909 Nobel prize in physics for the development of wireless telegraphy. Guglielmo Marconi was born on April 25, 1874, near Bologna, Italy. 
https://prezi.com/x_xwm-rsqybw/guglielmo-marconi/;prezi.com;6;en;i -- 1874 - 1937. N.p., n.d. Web. 15 Sept. 2014. "Guglielmo Marconi: The Nobel Prize in Physics 1909." Guglielmo Marconi: The Nobel Prize in Phys
https://prezi.com/x_xwm-rsqybw/guglielmo-marconi/;prezi.com;6;en; n.d. Web. 15 Sept. 2014. "Guglielmo Marconi: The Nobel Prize in Physics 1909." Guglielmo Marconi: The Nobel Prize in Physics 1909. N.p., n
https://prezi.com/x_xwm-rsqybw/guglielmo-marconi/;prezi.com;6;en;ept. 2014. "Guglielmo Marconi: The Nobel Prize in Physics 1909." Guglielmo Marconi: The Nobel Prize in Physics 1909. N.p., n
https://prezi.com/x_xwm-rsqybw/guglielmo-marconi/;prezi.com;6;en;sics 1909." Guglielmo Marconi: The Nobel Prize in Physics 1909. N.p., n.d. Web. 15 Sept. 2014. "People and Discoveries -- Guglielmo Marconi -- 1874-1937." People and Discoveries -- 
https://prezi.com/x_xwm-rsqybw/guglielmo-marconi/;prezi.com;6;en;el Prize in Physics 1909." Guglielmo Marconi: The Nobel Prize in Physics 1909. N.p., n.d. Web. 15 Sept. 2014. "People and Discoveries -- Guglielmo Marconi -- 1874-1937." People and Discoveries -- 
https://prezi.com/x_xwm-rsqybw/guglielmo-marconi/;prezi.com;6;en;- 1937. N.p., n.d. Web. 15 Sept. 2014. "Guglielmo Marconi: The Nobel Prize in Physics 1909." Guglielmo Marconi: The Nobel Prize in Phys
